La Verrière,05:20,,05:50,,06:20,,06:50,,07:05,,07:20,,07:35,,07:50,,08:05,,08:20,,08:35,,08:50,,09:20,,10:20,,11:20,,12:20,,13:20,,14:20,,15:20,,15:50,,16:05,,16:20,,16:35,,16:50,,17:05,,17:20,,17:35,,17:50,,18:05,,18:20,,18:35,,18:50,,19:20,,19:50,,20:20,,21:20,,22:20,,23:20,
Trappes,05:25:40,,05:55:40,,06:25:40,,06:55:30,,07:10:30,,07:25:30,,07:40:30,,07:55:30,,08:10:30,,08:25:30,,08:40:30,,08:55:30,,09:25:30,,10:25:30,,11:25:30,,12:25:30,,13:25:30,,14:25:30,,15:25:30,,15:55:40,,16:10:40,,16:25:40,,16:40:40,,16:55:40,,17:10:40,,17:25:40,,17:40:40,,17:55:40,,18:10:40,,18:25:40,,18:40:40,,18:55:40,,19:25:40,,19:55:40,,20:25:30,,21:25:30,,22:25:30,,23:25:30,
Saint-Quentin en Yvelines,05:29:30,,05:59:30,,06:29:30,,06:59:20,,07:14:20,,07:29:20,,07:44:20,,07:59:20,,08:14:20,,08:29:20,,08:44:20,,08:59:20,,09:29:20,,10:29:20,,11:29:20,,12:29:20,,13:29:20,,14:29:20,,15:29:20,,16:00:30,,16:15,,16:30:30,,16:45,,17:00:30,,17:15,,17:30:30,,17:45,,18:00:30,,18:15,,18:30:30,,18:45,,19:00,,19:30,,20:00,,20:29:20,,21:29:20,,22:29:20,,23:29:20,
Saint-Cyr,05:33:40,,06:03:40,,06:33:40,,07:03:30,,07:18:30,,07:33:30,,07:48:30,,08:03:30,,08:18:30,,08:33:30,,08:48:30,,09:03:30,,09:33:30,,10:33:30,,11:33:30,,12:33:30,,13:33:30,,14:33:30,,15:33:30,,16:04:50,,16:18:40,,16:34:50,,16:48:40,,17:04:50,,17:18:40,,17:34:50,,17:48:40,,18:04:50,,18:18:40,,18:34:50,,18:48:40,,19:03:40,,19:33:40,,20:03:40,,20:33:30,,21:33:30,,22:33:30,,23:33:30,
Versailles Chantiers,05:40:10,,06:10:10,,06:40:10,,07:10:10,,07:25:10,,07:40:10,,07:55:10,,08:10:10,,08:25:10,,08:40:10,,08:55:10,,09:10:10,,09:40:10,,10:40:10,,11:40:10,,12:40:10,,13:40:10,,14:40:10,,15:40:10,,16:10:20,,16:25:20,,16:40:20,,16:55:20,,17:10:20,,17:25:20,,17:40:20,,17:55:20,,18:10:20,,18:25:20,,18:40:20,,18:55:20,,19:10:20,,19:40:20,,20:10:20,,20:40:10,,21:40:10,,22:40:10,,23:40:10,
Chaville Rive Droite,05:45:40,,06:15:40,,06:46:10,,07:16:10,,07:31:10,,07:46:10,,08:01:10,,08:16:10,,08:31:10,,08:46:10,,09:01:10,,09:16:10,,09:46:10,,10:45:40,,11:45:40,,12:45:40,,13:45:40,,14:45:40,,15:45:40,,16:16:10,,16:31,,16:46,,17:01,,17:16,,17:31,,17:46,,18:01,,18:16,,18:31,,18:46,,19:01,,19:16,,19:46,,20:16:20,,20:45:40,,21:45:40,,22:45:40,,23:45:40,
Sèvres - Ville-d'Avray,05:48:30,,06:18:30,,06:49:20,,07:19:20,,07:34:20,,07:49:20,,08:04:20,,08:19:20,,08:34:20,,08:49:20,,09:04:20,,09:19:20,,09:49:20,,10:48:30,,11:48:30,,12:48:30,,13:48:30,,14:48:30,,15:48:30,,16:19:20,,16:34:20,,16:49:20,,17:04:20,,17:19:20,,17:34:20,,17:49:20,,18:04:20,,18:19:20,,18:34:20,,18:49:20,,19:04:20,,19:19:20,,19:49:20,,20:19:20,,20:48:30,,21:48:30,,22:48:30,,23:48:30,
Saint-Cloud,05:52:10,,06:22:10,,06:53:20,,07:23:20,,07:38:20,,07:53:20,,08:08:20,,08:23:20,,08:38:20,,08:53:20,,09:08:20,,09:23:20,,09:53:20,,10:52:10,,11:52:20,,12:52:20,,13:52:20,,14:52:10,,15:52:20,,16:23:20,,16:38:20,,16:53:20,,17:08:20,,17:23:20,,17:38:20,,17:53:20,,18:08:20,,18:23:20,,18:38:20,,18:53:20,,19:08:20,,19:23:20,,19:53:20,,20:23:20,,20:52:10,,21:52:10,,22:52:10,,23:52:10,
Suresnes Mont Valérien,05:56,,06:26,,06:57:20,,07:27:20,,07:42:20,,07:57:20,,08:12:20,,08:27:20,,08:42:20,,08:57:20,,09:12:20,,09:27:20,,09:57:20,,10:56,,11:56,,12:56,,13:56,,14:56,,15:56,,16:27:20,,16:42:20,,16:57:20,,17:12:20,,17:27:20,,17:42:20,,17:57:20,,18:12:20,,18:27:20,,18:42:20,,18:57:20,,19:12:20,,19:27:20,,19:57:20,,20:27:20,,20:56,,21:56,,22:56,,23:56,
Puteaux,05:58:50,,06:28:50,,07:00:20,,07:30:20,,07:45:20,,08:00:20,,08:15:20,,08:30:20,,08:45:20,,09:00:20,,09:15:20,,09:30:20,,10:00:20,,10:58:50,,11:58:50,,12:58:50,,13:58:50,,14:58:50,,15:58:50,,16:30:20,,16:45:20,,17:00:20,,17:15:20,,17:30:20,,17:45:20,,18:00:20,,18:15:20,,18:30:20,,18:45:20,,19:00:20,,19:15:20,,19:30:20,,20:00:20,,20:30:20,,20:58:50,,21:58:50,,22:58:50,,23:58:50,
La Défense,06:01:30,06:15,06:31:30,06:45,07:02:40,07:14,07:32:40,07:44,07:47:40,07:59,08:02:40,08:13,08:17:40,08:29,08:32:40,08:44,08:47:40,08:59,09:02:40,09:14,09:17:40,09:29,09:32:40,09:44,10:02:40,10:15,11:01:30,11:15,12:01:30,12:15,13:01:30,13:15,14:01:30,14:15,15:01:30,15:15,16:01:30,16:15,16:32:40,16:44,16:47:40,16:59,17:02:40,17:14,17:17:40,17:29,17:32:40,17:44,17:47:40,17:59,18:02:40,18:14,18:17:40,18:29,18:32:40,18:44,18:47:40,18:59,19:02:40,19:14,19:17:40,19:29,19:32:40,19:44,20:02:40,20:14,20:32:40,20:45,21:01:30,21:15,22:01:30,22:15,23:01:30,23:15,00:01:30,00:15
Puteaux,,06:17:30,,06:47:30,,07:16:30,,07:46:30,,08:01:30,,08:16:30,,08:31:30,,08:46:30,,09:01:30,,09:16:30,,09:31:30,,09:46:30,,10:17:30,,11:17:30,,12:17:30,,13:17:40,,14:17:40,,15:17:30,,16:17:30,,16:46:30,,17:01:30,,17:16:30,,17:31:30,,17:46:30,,18:01:30,,18:16:30,,18:31:30,,18:46:30,,19:01:30,,19:16:30,,19:31:30,,19:46:30,,20:16:30,,20:47:30,,21:17:30,,22:17:30,,23:17:30,,00:17:30
Suresnes Mont Valérien,,06:20:20,,06:50:20,,07:18:50,,07:48:50,,08:03:50,,08:18:50,,08:33:50,,08:48:50,,09:03:50,,09:18:50,,09:33:50,,09:48:50,,10:20:20,,11:20:20,,12:20:20,,13:20:20,,14:20:20,,15:20:20,,16:20:20,,16:48:50,,17:03:50,,17:18:50,,17:33:50,,17:48:50,,18:03:50,,18:18:50,,18:33:50,,18:48:50,,19:03:50,,19:18:50,,19:33:50,,19:48:50,,20:18:50,,20:50:20,,21:20:20,,22:20:20,,23:20:20,,00:20:20
Saint-Cloud,,06:24:20,,06:54:20,,07:23:40,,07:53:40,,08:08:40,,08:23:40,,08:38:40,,08:53:40,,09:08:40,,09:23:40,,09:38:40,,09:53:40,,10:24:20,,11:24:20,,12:24:20,,13:24:20,,14:24:20,,15:24:20,,16:24:20,,16:53:40,,17:08:40,,17:23:40,,17:38:40,,17:53:40,,18:08:40,,18:23:40,,18:38:40,,18:53:40,,19:08:40,,19:23:40,,19:38:40,,19:53:40,,20:23:40,,20:54:20,,21:24:20,,22:24:20,,23:24:20,,00:24:20
Sèvres - Ville-d'Avray,,06:28,,06:58,,07:27:30,,07:57:30,,08:12:30,,08:27:30,,08:42:30,,08:57:30,,09:12:30,,09:27:30,,09:42:30,,09:57:30,,10:28,,11:28,,12:28,,13:28,,14:28,,15:28,,16:28,,16:57:30,,17:12:30,,17:27:30,,17:42:30,,17:57:30,,18:12:30,,18:27:30,,18:42:30,,18:57:30,,19:12:30,,19:27:30,,19:42:30,,19:57:30,,20:27:30,,20:58,,21:28,,22:28,,23:28,,00:28
Chaville Rive Droite,,06:31,,07:01,,07:30:50,,08:00:50,,08:15:50,,08:30:50,,08:45:50,,09:00:50,,09:15:50,,09:30:50,,09:45:50,,10:00:50,,10:31,,11:31,,12:31,,13:31,,14:31,,15:31,,16:31,,17:00:50,,17:15:50,,17:30:50,,17:45:50,,18:00:50,,18:15:50,,18:30:50,,18:45:50,,19:00:50,,19:15:50,,19:30:50,,19:45:50,,20:00:50,,20:30:50,,21:01,,21:31,,22:31,,23:31,,00:31
Versailles Chantiers,,06:37:30,,07:07:20,,07:37:20,,08:07:20,,08:22:20,,08:37:20,,08:52:50,,09:07:20,,09:22:20,,09:37:20,,09:52:30,,10:07:20,,10:37:20,,11:37:20,,12:37:20,,13:37:20,,14:37:20,,15:37:30,,16:37:30,,17:07:50,,17:22:50,,17:37:50,,17:52:50,,18:07:50,,18:22:50,,18:37:50,,18:52:50,,19:07:50,,19:22:50,,19:37:50,,19:52:50,,20:07:50,,20:37:50,,21:07:30,,21:37:30,,22:37:30,,23:37:30,,00:37:20
Saint-Cyr,,06:43:40,,07:13:40,,07:43:40,,08:13:40,,08:28:40,,08:43:40,,08:58:50,,09:13:40,,09:28:40,,09:43:40,,09:58:40,,10:13:40,,10:43:40,,11:43:40,,12:43:40,,13:43:40,,14:43:40,,15:43:40,,16:43:40,,17:13:50,,17:28:50,,17:43:50,,17:58:50,,18:13:50,,18:28:50,,18:43:50,,18:58:50,,19:13:50,,19:28:50,,19:43:50,,19:58:50,,20:13:50,,20:43:50,,21:13:40,,21:43:40,,22:43:40,,23:43:40,,00:43:40
Saint-Quentin en Yvelines,,06:47:50,,07:17:50,,07:47:50,,08:17:50,,08:32:50,,08:47:50,,09:02:40,,09:17:50,,09:32:50,,09:47:50,,10:02:50,,10:17:50,,10:47:50,,11:47:50,,12:47:50,,13:47:50,,14:47:50,,15:47:50,,16:47:50,,17:17:40,,17:32:40,,17:47:40,,18:02:40,,18:17:40,,18:32:40,,18:47:40,,19:02:40,,19:17:40,,19:32:40,,19:47:40,,20:02:40,,20:17:50,,20:47:40,,21:17:50,,21:47:50,,22:47:50,,23:47:50,,00:47:50
Trappes,,06:51:30,,07:21:30,,07:51:30,,08:21:30,,08:36:30,,08:51:30,,09:06:10,,09:21:30,,09:36:30,,09:51:30,,10:06:30,,10:21:30,,10:51:30,,11:51:30,,12:51:30,,13:51:30,,14:51:30,,15:51:30,,16:51:50,,17:21:40,,17:36:40,,17:51:40,,18:06:40,,18:21:40,,18:36:40,,18:51:40,,19:06:40,,19:21:40,,19:36:40,,19:51:40,,20:06:40,,20:22,,20:51:40,,21:21:30,,21:51:30,,22:51:30,,23:51:30,,00:51:30
La Verrière,,06:56:30,,07:26:30,,07:56:30,,08:26:30,,08:41:30,,08:56:30,,09:11:30,,09:26:30,,09:41:30,,09:56:50,,10:11:30,,10:26:30,,10:56:30,,11:56:30,,12:56:30,,13:56:30,,14:56:30,,15:56:30,,16:56:30,,17:26:30,,17:41:30,,17:56:30,,18:11:30,,18:26:30,,18:41:30,,18:56:30,,19:11:30,,19:26:30,,19:41:30,,19:56:30,,20:11:30,,20:27:30,,20:56:30,,21:26:30,,21:56:30,,22:56:30,,23:56:30,,00:56:30
